Week,Recall Accuracy,Storage,Hallucination Reduction
0,0.7,5,0.0
1,0.28061184022890184,4,0.19999999999999996
2,0.0,0,1.0
3,0.0,0,1.0
4,0.0,0,1.0
5,0.0,0,1.0
6,0.0,0,1.0
7,0.0,0,1.0
